cidr,sblid,rir,type,timestamp,size,records,copyright,terms
1.10.16.0/20,SBL256894,apnic,,,,,,
1.19.0.0/16,SBL434604,apnic,,,,,,
1.32.128.0/18,SBL286275,apnic,,,,,,
2.56.192.0/22,SBL459831,ripencc,,,,,,
2.57.122.0/24,SBL636050,ripencc,,,,,,
2.57.232.0/23,SBL538946,ripencc,,,,,,
2.57.234.0/23,SBL538947,ripencc,,,,,,
2.58.56.0/24,SBL687502,ripencc,,,,,,
2.59.152.0/24,SBL688496,ripencc,,,,,,
5.42.92.0/24,SBL625300,ripencc,,,,,,
5.101.82.0/24,SBL689964,ripencc,,,,,,
5.105.220.0/24,SBL627956,ripencc,,,,,,
5.133.101.0/24,SBL681548,ripencc,,,,,,
5.183.60.0/22,SBL463004,ripencc,,,,,,
5.188.236.0/23,SBL544034,ripencc,,,,,,
14.128.32.0/20,SBL657011,apnic,,,,,,
14.128.48.0/21,SBL656501,apnic,,,,,,
14.152.94.0/24,SBL656012,apnic,,,,,,
23.129.252.0/23,SBL630797,arin,,,,,,
23.132.164.0/24,SBL688228,arin,,,,,,
23.137.100.0/24,SBL678470,arin,,,,,,
23.146.240.0/24,SBL680468,arin,,,,,,
23.146.241.0/24,SBL681852,arin,,,,,,
23.146.242.0/24,SBL679712,arin,,,,,,
23.147.52.0/24,SBL689777,arin,,,,,,
23.147.148.0/24,SBL689966,arin,,,,,,
23.147.156.0/24,SBL689967,arin,,,,,,
23.147.164.0/24,SBL689968,arin,,,,,,
23.148.144.0/24,SBL680469,arin,,,,,,
23.164.152.0/24,SBL680302,arin,,,,,,
23.164.153.0/24,SBL680303,arin,,,,,,
23.172.112.0/24,SBL655002,arin,,,,,,
23.172.216.0/24,SBL678365,arin,,,,,,
23.176.184.0/24,SBL688276,arin,,,,,,
23.235.128.0/19,SBL226494,arin,,,,,,
24.137.16.0/20,SBL502541,arin,,,,,,
24.170.208.0/20,SBL502917,arin,,,,,,
24.233.0.0/19,SBL210084,arin,,,,,,
24.236.0.0/19,SBL502928,arin,,,,,,
27.50.63.0/24,SBL613485,apnic,,,,,,
27.99.128.0/17,SBL677409,apnic,,,,,,
27.112.32.0/19,SBL237955,apnic,,,,,,
27.123.208.0/22,SBL137265,apnic,,,,,,
27.124.0.0/18,SBL668364,apnic,,,,,,
27.124.17.0/24,SBL613430,apnic,,,,,,
27.124.41.0/24,SBL613196,apnic,,,,,,
27.126.160.0/20,SBL257064,apnic,,,,,,
27.146.0.0/16,SBL326434,apnic,,,,,,
31.40.202.0/24,SBL692153,ripencc,,,,,,
31.40.204.0/24,SBL688215,ripencc,,,,,,
31.129.48.0/24,SBL687165,ripencc,,,,,,
31.129.49.0/24,SBL680605,ripencc,,,,,,
31.217.252.0/24,SBL618813,ripencc,,,,,,
31.222.236.0/24,SBL618814,ripencc,,,,,,
36.0.8.0/21,SBL225949,apnic,,,,,,
36.0.128.0/17,SBL677404,apnic,,,,,,
36.37.48.0/20,SBL258006,apnic,,,,,,
36.116.0.0/16,SBL303895,apnic,,,,,,
36.119.0.0/16,SBL303894,apnic,,,,,,
36.255.97.0/24,SBL693107,apnic,,,,,,
36.255.98.0/24,SBL688268,apnic,,,,,,
36.255.216.0/22,SBL395331,apnic,,,,,,
36.255.236.0/22,SBL395332,apnic,,,,,,
37.49.148.0/24,SBL675012,ripencc,,,,,,
37.72.140.0/24,SBL693418,ripencc,,,,,,
37.77.150.0/24,SBL692136,ripencc,,,,,,
37.140.251.0/24,SBL618815,ripencc,,,,,,
37.156.64.0/23,SBL493556,ripencc,,,,,,
38.92.176.0/21,SBL688400,arin,,,,,,
38.92.184.0/21,SBL683356,arin,,,,,,
38.107.120.0/21,SBL693166,arin,,,,,,
38.182.0.0/19,SBL689983,arin,,,,,,
41.71.128.0/17,SBL647149,afrinic,,,,,,
41.71.150.0/24,SBL647138,afrinic,,,,,,
41.71.222.0/24,SBL647139,afrinic,,,,,,
41.71.223.0/24,SBL647140,afrinic,,,,,,
41.71.224.0/24,SBL647141,afrinic,,,,,,
41.71.225.0/24,SBL647142,afrinic,,,,,,
41.71.226.0/24,SBL647143,afrinic,,,,,,
41.71.229.0/24,SBL647144,afrinic,,,,,,
41.71.230.0/24,SBL647145,afrinic,,,,,,
41.71.240.0/24,SBL647146,afrinic,,,,,,
42.0.32.0/19,SBL265729,apnic,,,,,,
42.0.128.0/17,SBL677405,apnic,,,,,,
42.128.0.0/12,SBL262062,apnic,,,,,,
42.160.0.0/12,SBL262364,apnic,,,,,,
42.208.0.0/12,SBL283229,apnic,,,,,,
43.228.157.0/24,SBL692930,apnic,,,,,,
43.229.52.0/22,SBL256092,apnic,,,,,,
43.229.240.0/22,SBL287973,apnic,,,,,,
43.231.220.0/22,SBL501564,apnic,,,,,,
43.236.0.0/16,SBL240624,apnic,,,,,,
43.239.104.0/22,SBL480922,apnic,,,,,,
43.248.40.0/22,SBL287975,apnic,,,,,,
43.249.92.0/22,SBL655250,apnic,,,,,,
45.3.62.0/24,SBL692224,ripencc,,,,,,
45.9.168.0/24,SBL655464,ripencc,,,,,,
45.13.37.0/24,SBL682859,ripencc,,,,,,
45.13.213.0/24,SBL682860,ripencc,,,,,,
45.15.21.0/24,SBL689965,ripencc,,,,,,
45.64.52.0/22,SBL676674,apnic,,,,,,
45.64.74.0/23,SBL675893,apnic,,,,,,
45.65.32.0/22,SBL462997,apnic,,,,,,
45.67.138.0/24,SBL691794,ripencc,,,,,,
45.74.10.0/24,SBL682262,arin,,,,,,
45.74.16.0/24,SBL677596,arin,,,,,,
45.74.40.0/24,SBL692243,arin,,,,,,
45.74.47.0/24,SBL692150,arin,,,,,,
45.74.57.0/24,SBL679047,arin,,,,,,
45.80.37.0/24,SBL690077,ripencc,,,,,,
45.80.158.0/24,SBL687503,ripencc,,,,,,
45.80.248.0/23,SBL494022,ripencc,,,,,,
45.81.23.0/24,SBL679581,ripencc,,,,,,
45.83.28.0/24,SBL687504,ripencc,,,,,,
45.83.31.0/24,SBL688794,ripencc,,,,,,
45.86.48.0/22,SBL539016,ripencc,,,,,,
45.88.186.0/24,SBL682998,ripencc,,,,,,
45.89.70.0/24,SBL692152,ripencc,,,,,,
45.91.227.0/24,SBL508101,ripencc,,,,,,
45.92.1.0/24,SBL687506,ripencc,,,,,,
45.93.20.0/24,SBL690072,ripencc,,,,,,
45.94.31.0/24,SBL687507,ripencc,,,,,,
45.114.184.0/22,SBL265063,apnic,,,,,,
45.114.200.0/22,SBL679559,apnic,,,,,,
45.116.224.0/22,SBL261016,apnic,,,,,,
45.117.140.0/22,SBL265068,apnic,,,,,,
45.121.204.0/22,SBL283285,apnic,,,,,,
45.125.12.0/22,SBL692280,apnic,,,,,,
45.125.66.0/24,SBL625544,apnic,,,,,,
45.129.187.0/24,SBL692448,ripencc,,,,,,
45.132.49.0/24,SBL683022,ripencc,,,,,,
45.132.180.0/24,SBL692131,ripencc,,,,,,
45.133.73.0/24,SBL692432,ripencc,,,,,,
45.133.246.0/24,SBL639581,ripencc,,,,,,
45.134.26.0/24,SBL634454,ripencc,,,,,,
45.135.48.0/22,SBL645086,apnic,,,,,,
45.135.193.0/24,SBL679273,ripencc,,,,,,
45.135.194.0/24,SBL679271,ripencc,,,,,,
45.135.232.0/24,SBL634456,ripencc,,,,,,
45.137.201.0/24,SBL692437,ripencc,,,,,,
45.138.16.0/24,SBL687508,ripencc,,,,,,
45.139.104.0/24,SBL636771,arin,,,,,,
45.140.17.0/24,SBL634459,ripencc,,,,,,
45.141.12.0/22,SBL692272,ripencc,,,,,,
45.141.56.0/24,SBL635065,ripencc,,,,,,
45.141.58.0/23,SBL632422,ripencc,,,,,,
45.141.84.0/22,SBL680524,ripencc,,,,,,
45.141.215.0/24,SBL682999,ripencc,,,,,,
45.142.152.0/22,SBL691440,ripencc,,,,,,
45.142.154.0/24,SBL691439,ripencc,,,,,,
45.142.155.0/24,SBL640405,ripencc,,,,,,
45.142.193.0/24,SBL671783,ripencc,,,,,,
45.143.201.0/24,SBL625748,ripencc,,,,,,
45.144.212.0/24,SBL673344,ripencc,,,,,,
45.146.130.0/24,SBL678922,ripencc,,,,,,
45.148.10.0/24,SBL678435,ripencc,,,,,,
45.148.121.0/24,SBL520237,ripencc,,,,,,
45.151.71.0/24,SBL690078,ripencc,,,,,,
45.152.149.0/24,SBL687509,ripencc,,,,,,
45.153.34.0/24,SBL679667,ripencc,,,,,,
45.154.98.0/24,SBL687510,ripencc,,,,,,
45.156.87.0/24,SBL688017,ripencc,,,,,,
45.172.219.0/24,SBL691435,lacnic,,,,,,
45.186.152.0/22,SBL540824,lacnic,,,,,,
45.192.178.0/23,SBL498361,afrinic,,,,,,
45.194.66.0/24,SBL683023,afrinic,,,,,,
45.194.92.0/24,SBL690638,afrinic,,,,,,
45.230.66.0/24,SBL681084,lacnic,,,,,,
45.248.88.0/22,SBL677713,apnic,,,,,,
46.151.182.0/24,SBL692140,ripencc,,,,,,
46.173.214.0/24,SBL664170,ripencc,,,,,,
46.173.218.0/24,SBL608382,ripencc,,,,,,
46.173.219.0/24,SBL548705,ripencc,,,,,,
46.173.223.0/24,SBL548850,ripencc,,,,,,
46.173.240.0/20,SBL266465,ripencc,,,,,,
46.174.204.0/22,SBL463014,ripencc,,,,,,
49.89.240.0/22,SBL641952,apnic,,,,,,
49.156.160.0/19,SBL169202,apnic,,,,,,
49.238.64.0/18,SBL286276,apnic,,,,,,
57.14.0.0/15,SBL688338,ripencc,,,,,,
57.37.0.0/16,SBL679050,ripencc,,,,,,
58.2.0.0/17,SBL249532,apnic,,,,,,
58.14.0.0/15,SBL201384,apnic,,,,,,
59.155.0.0/16,SBL677406,apnic,,,,,,
60.200.0.0/16,SBL677715,apnic,,,,,,
60.233.0.0/16,SBL266791,apnic,,,,,,
61.11.224.0/19,SBL221384,apnic,,,,,,
61.45.251.0/24,SBL209995,apnic,,,,,,
62.60.130.0/24,SBL683637,ripencc,,,,,,
62.60.131.0/24,SBL688269,ripencc,,,,,,
62.60.135.0/24,SBL689243,ripencc,,,,,,
62.60.186.0/24,SBL656005,ripencc,,,,,,
62.60.188.0/22,SBL657458,ripencc,,,,,,
62.60.226.0/24,SBL671779,ripencc,,,,,,
62.204.41.0/24,SBL690073,ripencc,,,,,,
63.66.60.0/23,SBL529498,arin,,,,,,
63.80.8.0/22,SBL623896,arin,,,,,,
63.80.80.0/21,SBL624860,arin,,,,,,
63.106.68.0/22,SBL624888,arin,,,,,,
64.15.0.0/20,SBL530365,arin,,,,,,
64.89.160.0/23,SBL692141,arin,,,,,,
64.89.160.0/22,SBL692143,arin,,,,,,
64.92.224.0/20,SBL503523,arin,,,,,,
64.116.200.0/21,SBL635859,arin,,,,,,
64.250.144.0/20,SBL502906,arin,,,,,,
64.254.80.0/20,SBL546729,arin,,,,,,
65.162.110.0/23,SBL679683,arin,,,,,,
65.205.64.0/22,SBL623899,arin,,,,,,
65.216.208.0/21,SBL623885,arin,,,,,,
67.219.208.0/20,SBL634338,arin,,,,,,
69.5.189.0/24,SBL682243,ripencc,,,,,,
69.36.44.0/24,SBL669055,arin,,,,,,
69.165.0.0/20,SBL204706,arin,,,,,,
74.114.148.0/22,SBL288405,arin,,,,,,
76.74.0.0/24,SBL682547,arin,,,,,,
76.74.36.0/24,SBL682548,arin,,,,,,
76.74.40.0/24,SBL682546,arin,,,,,,
76.74.42.0/24,SBL620979,arin,,,,,,
76.74.52.0/24,SBL682549,arin,,,,,,
76.74.60.0/24,SBL682550,arin,,,,,,
76.74.78.0/24,SBL682551,arin,,,,,,
77.36.112.0/21,SBL638846,ripencc,,,,,,
77.47.152.0/22,SBL683453,ripencc,,,,,,
77.47.178.0/24,SBL654727,ripencc,,,,,,
77.47.242.0/24,SBL654726,ripencc,,,,,,
77.81.84.0/23,SBL493562,ripencc,,,,,,
77.81.86.0/24,SBL493581,ripencc,,,,,,
77.81.89.0/24,SBL493582,ripencc,,,,,,
77.83.39.0/24,SBL690639,ripencc,,,,,,
77.90.154.0/24,SBL681782,ripencc,,,,,,
77.90.185.0/24,SBL654925,ripencc,,,,,,
77.109.3.0/24,SBL679506,ripencc,,,,,,
77.221.134.0/24,SBL689985,ripencc,,,,,,
77.221.146.0/24,SBL689986,ripencc,,,,,,
77.244.221.0/24,SBL682827,ripencc,,,,,,
78.40.143.0/24,SBL627920,ripencc,,,,,,
78.153.140.0/24,SBL655362,ripencc,,,,,,
79.124.62.0/24,SBL683416,ripencc,,,,,,
79.141.79.0/24,SBL682556,ripencc,,,,,,
80.66.65.0/24,SBL683241,ripencc,,,,,,
80.66.75.0/24,SBL619693,ripencc,,,,,,
80.66.77.0/24,SBL622840,ripencc,,,,,,
80.94.92.0/24,SBL636056,ripencc,,,,,,
80.94.92.0/22,SBL682858,ripencc,,,,,,
80.94.95.0/24,SBL620743,ripencc,,,,,,
80.97.47.0/24,SBL689961,ripencc,,,,,,
80.97.160.0/24,SBL687500,ripencc,,,,,,
80.208.192.0/20,SBL594333,apnic,,,,,,
80.244.11.0/24,SBL641942,ripencc,,,,,,
81.30.107.0/24,SBL677595,ripencc,,,,,,
81.94.150.0/24,SBL639765,ripencc,,,,,,
81.94.159.0/24,SBL639846,ripencc,,,,,,
82.135.156.0/23,SBL619774,ripencc,,,,,,
82.135.228.0/22,SBL496439,ripencc,,,,,,
83.97.73.0/24,SBL640079,ripencc,,,,,,
83.142.209.0/24,SBL692142,ripencc,,,,,,
83.142.214.0/24,SBL688793,ripencc,,,,,,
83.175.0.0/18,SBL241020,ripencc,,,,,,
83.218.218.0/24,SBL528002,ripencc,,,,,,
84.54.33.0/24,SBL687511,ripencc,,,,,,
85.114.120.0/21,SBL639443,ripencc,,,,,,
85.121.236.0/24,SBL689706,ripencc,,,,,,
85.158.149.0/24,SBL619050,ripencc,,,,,,
85.192.49.0/24,SBL688280,ripencc,,,,,,
85.203.26.0/24,SBL635066,ripencc,,,,,,
85.208.212.0/22,SBL677714,ripencc,,,,,,
86.54.42.0/24,SBL675261,ripencc,,,,,,
86.104.222.0/23,SBL461195,ripencc,,,,,,
86.104.224.0/23,SBL461196,ripencc,,,,,,
86.105.2.0/24,SBL493587,ripencc,,,,,,
86.105.6.0/24,SBL493588,ripencc,,,,,,
86.105.176.0/24,SBL493589,ripencc,,,,,,
86.105.178.0/24,SBL493590,ripencc,,,,,,
86.105.186.0/24,SBL493881,ripencc,,,,,,
86.105.229.0/24,SBL493592,ripencc,,,,,,
86.105.230.0/24,SBL493593,ripencc,,,,,,
86.106.10.0/24,SBL493595,ripencc,,,,,,
86.106.13.0/24,SBL493596,ripencc,,,,,,
86.106.14.0/23,SBL493597,ripencc,,,,,,
86.106.80.0/24,SBL676378,ripencc,,,,,,
86.106.94.0/23,SBL493599,ripencc,,,,,,
86.106.104.0/24,SBL680571,ripencc,,,,,,
86.106.106.0/23,SBL493601,ripencc,,,,,,
86.106.110.0/23,SBL493605,ripencc,,,,,,
86.106.140.0/23,SBL461198,ripencc,,,,,,
86.106.174.0/23,SBL493627,ripencc,,,,,,
86.107.72.0/24,SBL493628,ripencc,,,,,,
86.107.193.0/24,SBL493629,ripencc,,,,,,
86.107.194.0/23,SBL493630,ripencc,,,,,,
86.111.228.0/24,SBL647008,ripencc,,,,,,
87.120.191.0/24,SBL683024,ripencc,,,,,,
87.121.79.0/24,SBL679671,ripencc,,,,,,
87.121.84.0/24,SBL683025,ripencc,,,,,,
87.228.25.0/24,SBL681696,ripencc,,,,,,
87.228.109.0/24,SBL692458,ripencc,,,,,,
87.228.110.0/24,SBL693159,ripencc,,,,,,
87.228.112.0/24,SBL682823,ripencc,,,,,,
87.228.112.0/22,SBL682824,ripencc,,,,,,
87.251.79.0/24,SBL654217,ripencc,,,,,,
88.210.63.0/24,SBL686328,ripencc,,,,,,
88.218.64.0/24,SBL682627,ripencc,,,,,,
89.18.16.0/22,SBL691132,ripencc,,,,,,
89.23.126.0/24,SBL682845,ripencc,,,,,,
89.32.43.0/24,SBL493631,ripencc,,,,,,
89.32.170.0/24,SBL493632,ripencc,,,,,,
89.32.202.0/24,SBL493882,ripencc,,,,,,
89.33.46.0/23,SBL493633,ripencc,,,,,,
89.33.134.0/24,SBL493635,ripencc,,,,,,
89.33.206.0/24,SBL493638,ripencc,,,,,,
89.33.250.0/23,SBL493639,ripencc,,,,,,
89.33.254.0/23,SBL493640,ripencc,,,,,,
89.34.0.0/24,SBL493883,ripencc,,,,,,
89.34.4.0/24,SBL493884,ripencc,,,,,,
89.34.102.0/24,SBL493641,ripencc,,,,,,
89.34.104.0/23,SBL493642,ripencc,,,,,,
89.35.89.0/24,SBL493647,ripencc,,,,,,
89.35.90.0/24,SBL461199,ripencc,,,,,,
89.36.136.0/24,SBL493649,ripencc,,,,,,
89.36.138.0/24,SBL493650,ripencc,,,,,,
89.36.141.0/24,SBL493651,ripencc,,,,,,
89.37.96.0/24,SBL493654,ripencc,,,,,,
89.38.240.0/24,SBL493660,ripencc,,,,,,
89.39.69.0/24,SBL461209,ripencc,,,,,,
89.39.215.0/24,SBL493663,ripencc,,,,,,
89.40.138.0/24,SBL493885,ripencc,,,,,,
89.40.207.0/24,SBL461200,ripencc,,,,,,
89.40.209.0/24,SBL493667,ripencc,,,,,,
89.41.50.0/23,SBL463471,ripencc,,,,,,
89.43.50.0/24,SBL518722,ripencc,,,,,,
89.45.82.0/24,SBL493676,ripencc,,,,,,
89.46.47.0/24,SBL493677,ripencc,,,,,,
89.190.156.0/24,SBL635688,ripencc,,,,,,
89.251.10.0/24,SBL679670,ripencc,,,,,,
91.92.240.0/22,SBL686267,ripencc,,,,,,
91.200.133.0/24,SBL494045,ripencc,,,,,,
91.200.164.0/22,SBL524130,ripencc,,,,,,
91.202.233.0/24,SBL677411,ripencc,,,,,,
91.203.192.0/24,SBL553887,ripencc,,,,,,
91.203.193.0/24,SBL563452,ripencc,,,,,,
91.204.224.0/22,SBL599737,ripencc,,,,,,
91.206.169.0/24,SBL687512,ripencc,,,,,,
91.212.166.0/24,SBL624670,ripencc,,,,,,
91.214.109.0/24,SBL680201,ripencc,,,,,,
91.215.85.0/24,SBL615768,ripencc,,,,,,
91.218.236.0/22,SBL461201,ripencc,,,,,,
91.220.163.0/24,SBL690067,ripencc,,,,,,
91.224.92.0/24,SBL642214,ripencc,,,,,,
91.229.52.0/22,SBL504770,ripencc,,,,,,
91.231.222.0/24,SBL689695,ripencc,,,,,,
91.232.18.0/24,SBL494046,ripencc,,,,,,
91.233.0.0/23,SBL442807,ripencc,,,,,,
91.235.130.0/23,SBL493678,ripencc,,,,,,
91.240.118.0/24,SBL636085,ripencc,,,,,,
91.243.93.0/24,SBL502562,ripencc,,,,,,
91.246.43.0/24,SBL618816,ripencc,,,,,,
91.246.176.0/21,SBL638847,ripencc,,,,,,
92.63.197.0/24,SBL686329,ripencc,,,,,,
92.87.6.0/24,SBL631194,ripencc,,,,,,
92.118.39.0/24,SBL636057,ripencc,,,,,,
92.119.162.0/24,SBL692155,ripencc,,,,,,
92.242.62.0/24,SBL691651,ripencc,,,,,,
92.255.57.0/24,SBL638391,ripencc,,,,,,
92.255.85.0/24,SBL638392,ripencc,,,,,,
93.114.51.0/24,SBL461206,ripencc,,,,,,
93.114.52.0/23,SBL461207,ripencc,,,,,,
93.114.54.0/24,SBL461208,ripencc,,,,,,
93.114.58.0/23,SBL493679,ripencc,,,,,,
93.114.99.0/24,SBL692102,ripencc,,,,,,
93.115.59.0/24,SBL493680,ripencc,,,,,,
93.119.118.0/23,SBL493681,ripencc,,,,,,
93.119.120.0/23,SBL493682,ripencc,,,,,,
93.123.109.0/24,SBL677469,ripencc,,,,,,
93.152.219.0/24,SBL681135,ripencc,,,,,,
94.26.38.0/24,SBL683769,ripencc,,,,,,
94.26.88.0/24,SBL682629,ripencc,,,,,,
94.26.90.0/24,SBL676377,ripencc,,,,,,
94.26.105.0/24,SBL682630,ripencc,,,,,,
94.74.152.0/22,SBL688886,ripencc,,,,,,
94.74.157.0/24,SBL688881,ripencc,,,,,,
94.74.164.0/24,SBL656295,ripencc,,,,,,
94.74.182.0/24,SBL656289,ripencc,,,,,,
94.74.191.0/24,SBL656296,ripencc,,,,,,
94.103.188.0/24,SBL681306,ripencc,,,,,,
94.154.35.0/24,SBL692132,ripencc,,,,,,
95.161.128.0/24,SBL562112,ripencc,,,,,,
95.161.128.0/23,SBL579025,ripencc,,,,,,
95.164.131.0/24,SBL681903,ripencc,,,,,,
95.164.162.0/24,SBL687788,ripencc,,,,,,
95.169.180.0/24,SBL692156,ripencc,,,,,,
95.213.154.0/24,SBL688759,ripencc,,,,,,
95.213.159.0/24,SBL682828,ripencc,,,,,,
96.31.94.0/24,SBL679448,arin,,,,,,
98.98.195.0/24,SBL656003,arin,,,,,,
101.99.92.0/24,SBL630248,apnic,,,,,,
101.99.95.0/24,SBL629939,apnic,,,,,,
101.134.0.0/15,SBL434605,apnic,,,,,,
101.203.128.0/19,SBL257142,apnic,,,,,,
102.135.91.0/24,SBL688345,afrinic,,,,,,
102.211.56.0/22,SBL638491,afrinic,,,,,,
102.216.254.0/23,SBL682613,afrinic,,,,,,
102.220.112.0/22,SBL680504,afrinic,,,,,,
102.240.1.0/24,SBL689137,afrinic,,,,,,
103.1.43.0/24,SBL654731,apnic,,,,,,
103.3.212.0/22,SBL638808,apnic,,,,,,
103.4.32.0/22,SBL441798,apnic,,,,,,
103.5.116.0/22,SBL137266,apnic,,,,,,
103.6.36.0/22,SBL675009,apnic,,,,,,
103.7.198.0/23,SBL213945,apnic,,,,,,
103.12.220.0/22,SBL657661,apnic,,,,,,
103.13.140.0/22,SBL175620,apnic,,,,,,
103.19.116.0/22,SBL183284,apnic,,,,,,
103.19.188.0/22,SBL654997,apnic,,,,,,
103.20.72.0/22,SBL175926,apnic,,,,,,
103.20.156.0/22,SBL480920,apnic,,,,,,
103.23.12.0/22,SBL339751,apnic,,,,,,
103.25.88.0/22,SBL213941,apnic,,,,,,
103.29.120.0/22,SBL641023,apnic,,,,,,
103.30.12.0/22,SBL295418,ripencc,,,,,,
103.32.0.0/16,SBL434611,apnic,,,,,,
103.32.132.0/22,SBL389071,apnic,,,,,,
103.34.0.0/16,SBL434612,apnic,,,,,,
103.36.64.0/22,SBL247953,apnic,,,,,,
103.37.118.0/24,SBL653998,apnic,,,,,,
103.43.140.0/22,SBL258609,apnic,,,,,,
103.44.208.0/22,SBL395335,apnic,,,,,,
103.48.36.0/22,SBL272678,apnic,,,,,,
103.52.48.0/22,SBL626778,apnic,,,,,,
103.54.164.0/22,SBL679562,apnic,,,,,,
103.55.84.0/22,SBL626779,apnic,,,,,,
103.56.144.0/22,SBL641024,apnic,,,,,,
103.58.68.0/22,SBL275172,apnic,,,,,,
103.70.114.0/23,SBL682880,apnic,,,,,,
103.72.200.0/24,SBL655357,apnic,,,,,,
103.80.132.0/22,SBL519241,apnic,,,,,,
103.81.44.0/22,SBL618908,apnic,,,,,,
103.83.86.0/23,SBL676886,ripencc,,,,,,
103.84.170.0/23,SBL680500,apnic,,,,,,
103.84.196.0/23,SBL680501,apnic,,,,,,
103.93.76.0/24,SBL690849,apnic,,,,,,
103.93.77.0/24,SBL690848,apnic,,,,,,
103.93.78.0/24,SBL690847,apnic,,,,,,
103.93.79.0/24,SBL690846,apnic,,,,,,
103.95.180.0/22,SBL395338,apnic,,,,,,
103.97.2.0/24,SBL656015,apnic,,,,,,
103.102.236.0/22,SBL399514,apnic,,,,,,
103.104.0.0/21,SBL381634,apnic,,,,,,
103.105.240.0/22,SBL664307,apnic,,,,,,
103.107.20.0/22,SBL588964,apnic,,,,,,
103.109.107.0/24,SBL618902,apnic,,,,,,
103.110.104.0/22,SBL647022,apnic,,,,,,
103.113.144.0/22,SBL673923,apnic,,,,,,
103.116.44.0/24,SBL656016,apnic,,,,,,
103.130.147.0/24,SBL639193,ripencc,,,,,,
103.133.136.0/23,SBL683219,apnic,,,,,,
103.135.207.0/24,SBL669237,apnic,,,,,,
103.146.208.0/23,SBL648396,apnic,,,,,,
103.148.42.0/24,SBL537291,apnic,,,,,,
103.155.236.0/24,SBL655366,apnic,,,,,,
103.157.75.0/24,SBL620261,apnic,,,,,,
103.171.236.0/23,SBL626777,apnic,,,,,,
103.173.40.0/24,SBL652521,apnic,,,,,,
103.174.130.0/23,SBL637444,apnic,,,,,,
103.175.229.0/24,SBL637334,apnic,,,,,,
103.177.228.0/23,SBL629006,apnic,,,,,,
103.177.238.0/23,SBL681777,apnic,,,,,,
103.179.148.0/24,SBL639191,apnic,,,,,,
103.180.180.0/23,SBL654624,apnic,,,,,,
103.184.162.0/23,SBL692325,apnic,,,,,,
103.185.134.0/23,SBL692154,apnic,,,,,,
103.185.162.0/24,SBL683028,apnic,,,,,,
103.192.228.0/22,SBL310419,apnic,,,,,,
103.193.184.0/22,SBL650046,apnic,,,,,,
103.195.144.0/22,SBL387220,ripencc,,,,,,
103.198.36.0/22,SBL293924,apnic,,,,,,
103.214.56.0/22,SBL448866,apnic,,,,,,
103.215.80.0/22,SBL675896,apnic,,,,,,
103.225.68.0/24,SBL690845,apnic,,,,,,
103.225.69.0/24,SBL690844,apnic,,,,,,
103.228.60.0/22,SBL261012,apnic,,,,,,
103.228.196.0/22,SBL259697,apnic,,,,,,
103.229.124.0/22,SBL675895,apnic,,,,,,
103.230.24.0/22,SBL246664,apnic,,,,,,
103.232.36.0/22,SBL643367,apnic,,,,,,
103.232.200.0/22,SBL230279,apnic,,,,,,
103.236.32.0/22,SBL270821,apnic,,,,,,
103.237.86.0/23,SBL655827,apnic,,,,,,
103.240.252.0/22,SBL213844,apnic,,,,,,
103.241.194.0/23,SBL691779,apnic,,,,,,
103.243.240.0/22,SBL220056,apnic,,,,,,
103.248.68.0/22,SBL220034,apnic,,,,,,
103.249.72.0/22,SBL258918,apnic,,,,,,
103.250.224.0/22,SBL689688,apnic,,,,,,
103.253.216.0/22,SBL220045,apnic,,,,,,
103.254.108.0/22,SBL657512,apnic,,,,,,
103.255.56.0/22,SBL677756,apnic,,,,,,
104.37.1.0/24,SBL679083,arin,,,,,,
104.152.52.0/24,SBL683405,arin,,,,,,
104.167.19.0/24,SBL692281,ripencc,,,,,,
104.167.25.0/24,SBL692282,ripencc,,,,,,
104.193.228.0/22,SBL294936,arin,,,,,,
104.244.56.0/21,SBL294937,arin,,,,,,
104.244.80.0/22,SBL288111,arin,,,,,,
104.250.163.0/24,SBL682263,arin,,,,,,
104.250.164.0/24,SBL683393,arin,,,,,,
104.250.184.0/24,SBL692270,arin,,,,,,
106.48.64.0/18,SBL681779,apnic,,,,,,
106.95.0.0/16,SBL434614,apnic,,,,,,
107.155.224.0/22,SBL616009,arin,,,,,,
107.182.240.0/20,SBL390277,arin,,,,,,
109.120.136.0/24,SBL689996,ripencc,,,,,,
109.202.104.0/24,SBL692427,ripencc,,,,,,
109.202.246.0/24,SBL691733,ripencc,,,,,,
110.34.48.0/22,SBL680499,apnic,,,,,,
110.34.56.0/22,SBL677717,apnic,,,,,,
110.44.104.0/22,SBL664310,apnic,,,,,,
110.44.144.0/20,SBL635340,apnic,,,,,,
110.48.0.0/18,SBL677423,apnic,,,,,,
110.48.192.0/18,SBL675594,apnic,,,,,,
110.172.192.0/20,SBL677322,apnic,,,,,,
111.66.64.0/18,SBL677407,apnic,,,,,,
111.68.64.0/19,SBL677424,apnic,,,,,,
111.90.156.0/24,SBL620128,apnic,,,,,,
111.90.157.0/24,SBL628287,apnic,,,,,,
111.92.128.0/19,SBL678926,apnic,,,,,,
111.223.244.0/24,SBL693465,apnic,,,,,,
112.90.143.0/24,SBL655491,apnic,,,,,,
112.142.160.0/22,SBL677716,apnic,,,,,,
112.143.0.0/19,SBL675595,apnic,,,,,,
112.213.96.0/19,SBL668365,apnic,,,,,,
113.212.128.0/19,SBL78429,apnic,,,,,,
114.134.28.0/22,SBL395345,apnic,,,,,,
114.231.216.0/22,SBL641058,apnic,,,,,,
114.239.188.0/24,SBL641951,apnic,,,,,,
115.144.69.0/24,SBL506125,apnic,,,,,,
115.167.3.0/24,SBL683018,apnic,,,,,,
115.167.9.0/24,SBL683142,apnic,,,,,,
115.167.64.0/24,SBL686921,apnic,,,,,,
115.167.103.0/24,SBL691554,apnic,,,,,,
117.18.0.0/24,SBL628723,apnic,,,,,,
117.60.11.0/24,SBL641284,apnic,,,,,,
117.120.136.0/22,SBL689687,apnic,,,,,,
118.107.16.0/20,SBL657508,apnic,,,,,,
119.13.179.0/24,SBL652308,apnic,,,,,,
119.27.192.0/18,SBL675596,apnic,,,,,,
119.58.0.0/16,SBL286278,apnic,,,,,,
119.82.12.0/22,SBL419661,apnic,,,,,,
119.161.184.0/21,SBL681778,apnic,,,,,,
119.227.224.0/19,SBL237235,apnic,,,,,,
119.232.0.0/16,SBL230571,apnic,,,,,,
120.30.0.0/16,SBL687345,apnic,,,,,,
120.30.64.0/18,SBL677408,apnic,,,,,,
120.64.0.0/16,SBL253581,apnic,,,,,,
120.67.0.0/16,SBL247795,apnic,,,,,,
120.128.128.0/17,SBL266080,apnic,,,,,,
120.128.192.0/18,SBL253828,apnic,,,,,,
120.129.0.0/17,SBL251953,apnic,,,,,,
120.129.128.0/17,SBL251954,apnic,,,,,,
120.130.0.0/16,SBL253827,apnic,,,,,,
120.130.128.0/18,SBL253829,apnic,,,,,,
120.233.59.0/24,SBL656001,apnic,,,,,,
121.14.35.0/24,SBL655995,apnic,,,,,,
121.127.233.0/24,SBL673941,apnic,,,,,,
121.234.236.0/24,SBL641953,apnic,,,,,,
122.10.112.0/21,SBL675897,apnic,,,,,,
122.129.0.0/18,SBL221386,apnic,,,,,,
123.108.108.0/22,SBL675892,apnic,,,,,,
123.136.80.0/20,SBL620843,apnic,,,,,,
123.242.0.0/17,SBL675597,apnic,,,,,,
123.253.108.0/24,SBL690837,apnic,,,,,,
123.253.109.0/24,SBL690838,apnic,,,,,,
123.253.204.0/22,SBL664306,apnic,,,,,,
123.254.104.0/21,SBL692279,apnic,,,,,,
124.20.0.0/16,SBL677421,apnic,,,,,,
124.21.0.0/16,SBL677712,apnic,,,,,,
124.68.0.0/16,SBL211387,apnic,,,,,,
124.147.128.0/17,SBL675598,apnic,,,,,,
124.157.0.0/18,SBL221387,apnic,,,,,,
124.198.131.0/24,SBL687513,ripencc,,,,,,
124.198.132.0/24,SBL687514,ripencc,,,,,,
124.242.0.0/16,SBL262407,apnic,,,,,,
125.31.192.0/18,SBL233458,apnic,,,,,,
125.58.0.0/18,SBL221388,apnic,,,,,,
129.56.0.0/16,SBL679048,afrinic,,,,,,
130.12.180.0/22,SBL690641,arin,,,,,,
130.148.0.0/16,SBL257919,ripencc,,,,,,
130.196.0.0/16,SBL257914,arin,,,,,,
130.222.0.0/16,SBL101196,arin,,,,,,
131.0.152.0/22,SBL687344,lacnic,,,,,,
131.108.16.0/22,SBL276764,lacnic,,,,,,
134.18.0.0/16,SBL221372,apnic,,,,,,
134.122.128.0/17,SBL657510,apnic,,,,,,
134.122.168.0/24,SBL630283,apnic,,,,,,
134.122.188.0/24,SBL629132,apnic,,,,,,
134.122.189.0/24,SBL637586,apnic,,,,,,
134.195.104.0/22,SBL690983,arin,,,,,,
136.230.0.0/16,SBL211522,ripencc,,,,,,
137.42.0.0/16,SBL624889,arin,,,,,,
137.59.60.0/22,SBL635219,ripencc,,,,,,
137.72.0.0/16,SBL101329,arin,,,,,,
137.105.0.0/16,SBL268209,ripencc,,,,,,
137.218.0.0/16,SBL278657,ripencc,,,,,,
137.220.128.0/17,SBL669374,apnic,,,,,,
138.36.92.0/22,SBL249351,lacnic,,,,,,
138.36.136.0/22,SBL296343,lacnic,,,,,,
138.59.4.0/22,SBL291137,lacnic,,,,,,
138.59.204.0/22,SBL286073,lacnic,,,,,,
138.94.216.0/22,SBL276765,lacnic,,,,,,
138.97.156.0/22,SBL286076,lacnic,,,,,,
138.99.36.0/22,SBL261673,lacnic,,,,,,
138.125.0.0/16,SBL312494,arin,,,,,,
138.185.116.0/22,SBL492823,lacnic,,,,,,
138.219.172.0/22,SBL286074,lacnic,,,,,,
138.226.236.0/23,SBL693164,ripencc,,,,,,
138.226.238.0/24,SBL689234,ripencc,,,,,,
138.249.24.0/22,SBL690068,ripencc,,,,,,
138.249.32.0/22,SBL690069,ripencc,,,,,,
138.249.40.0/22,SBL690070,ripencc,,,,,,
139.183.192.0/18,SBL675599,apnic,,,,,,
139.190.234.0/24,SBL686920,apnic,,,,,,
140.82.64.0/19,SBL502921,arin,,,,,,
140.82.96.0/20,SBL502920,arin,,,,,,
141.98.9.0/24,SBL692929,ripencc,,,,,,
141.98.10.0/24,SBL619633,ripencc,,,,,,
141.98.11.0/24,SBL620221,ripencc,,,,,,
141.178.0.0/16,SBL268203,apnic,,,,,,
141.206.128.0/20,SBL502911,arin,,,,,,
142.102.0.0/16,SBL307428,arin,,,,,,
143.92.32.0/20,SBL654967,apnic,,,,,,
143.92.43.0/24,SBL612606,apnic,,,,,,
143.92.48.0/20,SBL664725,apnic,,,,,,
143.222.0.0/16,SBL691991,arin,,,,,,
144.48.4.0/24,SBL690839,apnic,,,,,,
144.208.127.0/24,SBL692932,arin,,,,,,
144.215.0.0/16,SBL641808,arin,,,,,,
145.231.0.0/16,SBL268204,ripencc,,,,,,
146.3.0.0/16,SBL220725,ripencc,,,,,,
146.19.5.0/24,SBL626016,ripencc,,,,,,
146.47.0.0/16,SBL642235,arin,,,,,,
146.51.0.0/16,SBL458201,apnic,,,,,,
146.106.0.0/16,SBL385377,ripencc,,,,,,
146.185.222.0/24,SBL634453,ripencc,,,,,,
146.252.0.0/16,SBL418513,arin,,,,,,
147.7.0.0/16,SBL268216,ripencc,,,,,,
147.16.0.0/14,SBL302620,arin,,,,,,
147.45.47.0/24,SBL647085,ripencc,,,,,,
147.45.124.0/23,SBL654216,ripencc,,,,,,
147.45.222.0/24,SBL681532,ripencc,,,,,,
147.78.224.0/22,SBL463008,ripencc,,,,,,
147.119.0.0/16,SBL267344,ripencc,,,,,,
147.185.221.0/24,SBL682995,arin,,,,,,
148.148.0.0/16,SBL312498,ripencc,,,,,,
148.178.0.0/16,SBL79700,arin,,,,,,
148.185.0.0/16,SBL272522,ripencc,,,,,,
148.248.0.0/16,SBL84763,lacnic,,,,,,
149.6.125.0/24,SBL679692,arin,,,,,,
149.13.187.0/24,SBL679525,arin,,,,,,
149.57.11.0/24,SBL671785,arin,,,,,,
149.57.16.0/24,SBL671786,arin,,,,,,
150.10.0.0/16,SBL222568,apnic,,,,,,
150.22.128.0/17,SBL235649,apnic,,,,,,
150.25.0.0/16,SBL268451,apnic,,,,,,
150.40.96.0/19,SBL648313,ripencc,,,,,,
150.129.212.0/22,SBL277063,apnic,,,,,,
150.242.120.0/22,SBL277066,apnic,,,,,,
151.131.0.0/16,SBL691992,arin,,,,,,
151.212.0.0/16,SBL229160,ripencc,,,,,,
152.109.0.0/16,SBL307830,afrinic,,,,,,
153.14.0.0/16,SBL220726,arin,,,,,,
153.93.0.0/16,SBL268208,ripencc,,,,,,
154.43.61.0/24,SBL679695,arin,,,,,,
154.85.48.0/21,SBL639393,afrinic,,,,,,
154.209.190.0/24,SBL637315,afrinic,,,,,,
154.211.12.0/24,SBL636079,afrinic,,,,,,
154.213.160.0/21,SBL692223,afrinic,,,,,,
154.216.188.0/24,SBL655979,afrinic,,,,,,
155.66.0.0/16,SBL267343,ripencc,,,,,,
155.71.0.0/16,SBL410855,apnic,,,,,,
155.73.0.0/16,SBL257918,ripencc,,,,,,
155.94.203.0/24,SBL681005,arin,,,,,,
155.108.0.0/16,SBL257917,arin,,,,,,
155.159.0.0/16,SBL457565,afrinic,,,,,,
155.212.156.0/24,SBL689655,ripencc,,,,,,
155.212.238.0/24,SBL693135,ripencc,,,,,,
155.233.0.0/16,SBL530025,afrinic,,,,,,
155.249.0.0/16,SBL257915,ripencc,,,,,,
156.96.0.0/16,SBL461359,arin,,,,,,
156.226.209.0/24,SBL690829,afrinic,,,,,,
157.20.182.0/23,SBL655831,apnic,,,,,,
157.115.0.0/16,SBL268212,apnic,,,,,,
157.119.64.0/22,SBL395347,apnic,,,,,,
157.148.116.0/24,SBL656014,apnic,,,,,,
157.162.0.0/16,SBL220085,ripencc,,,,,,
157.186.0.0/16,SBL186753,ripencc,,,,,,
158.94.208.0/22,SBL686264,ripencc,,,,,,
158.173.51.0/24,SBL692244,ripencc,,,,,,
158.249.0.0/16,SBL307429,ripencc,,,,,,
159.34.0.0/16,SBL688232,ripencc,,,,,,
159.80.0.0/16,SBL307427,apnic,,,,,,
159.219.0.0/16,SBL254875,ripencc,,,,,,
159.253.120.0/24,SBL638389,ripencc,,,,,,
160.14.0.0/16,SBL249299,apnic,,,,,,
160.21.0.0/16,SBL267366,apnic,,,,,,
160.65.0.0/16,SBL693360,arin,,,,,,
160.104.0.0/16,SBL688302,ripencc,,,,,,
160.116.0.0/16,SBL458209,afrinic,,,,,,
160.117.0.0/16,SBL316955,afrinic,,,,,,
160.121.0.0/16,SBL458199,afrinic,,,,,,
160.122.0.0/16,SBL457567,afrinic,,,,,,
160.180.0.0/16,SBL272081,ripencc,,,,,,
160.188.0.0/16,SBL331922,apnic,,,,,,
160.240.0.0/16,SBL253946,apnic,,,,,,
161.0.0.0/19,SBL233406,lacnic,,,,,,
161.0.68.0/22,SBL291136,lacnic,,,,,,
161.1.0.0/16,SBL390711,arin,,,,,,
161.60.0.0/16,SBL635104,arin,,,,,,
161.248.178.0/23,SBL687556,apnic,,,,,,
162.71.0.0/19,SBL642393,arin,,,,,,
162.208.124.0/22,SBL264554,arin,,,,,,
162.249.20.0/22,SBL325380,arin,,,,,,
163.47.19.0/24,SBL209997,apnic,,,,,,
163.50.0.0/16,SBL247800,apnic,,,,,,
163.198.0.0/16,SBL458207,afrinic,,,,,,
163.250.0.0/16,SBL287443,lacnic,,,,,,
163.254.0.0/16,SBL242814,arin,,,,,,
164.6.0.0/16,SBL268270,ripencc,,,,,,
164.79.0.0/16,SBL287439,arin,,,,,,
164.88.0.0/16,SBL458132,afrinic,,,,,,
164.155.0.0/16,SBL457563,afrinic,,,,,,
164.215.103.0/24,SBL634681,ripencc,,,,,,
165.3.0.0/16,SBL457564,afrinic,,,,,,
165.102.0.0/16,SBL229889,apnic,,,,,,
165.154.192.0/18,SBL636305,apnic,,,,,,
165.154.252.0/24,SBL652278,apnic,,,,,,
167.74.0.0/18,SBL178647,arin,,,,,,
167.158.0.0/16,SBL325621,arin,,,,,,
167.224.48.0/21,SBL502895,arin,,,,,,
167.249.200.0/22,SBL286077,lacnic,,,,,,
168.0.212.0/22,SBL286078,lacnic,,,,,,
168.64.0.0/16,SBL287441,arin,,,,,,
168.76.0.0/16,SBL496060,afrinic,,,,,,
168.80.0.0/15,SBL458208,afrinic,,,,,,
168.151.4.0/23,SBL430375,arin,,,,,,
168.151.21.0/24,SBL536567,ripencc,,,,,,
168.151.32.0/21,SBL477397,arin,,,,,,
168.151.44.0/22,SBL477399,arin,,,,,,
168.151.48.0/22,SBL477401,arin,,,,,,
168.151.52.0/23,SBL477400,arin,,,,,,
168.151.54.0/24,SBL477398,arin,,,,,,
168.151.56.0/21,SBL477405,arin,,,,,,
168.151.64.0/22,SBL477404,arin,,,,,,
168.151.68.0/23,SBL477403,arin,,,,,,
168.151.72.0/21,SBL477406,arin,,,,,,
168.151.80.0/20,SBL477408,arin,,,,,,
168.151.96.0/19,SBL477409,arin,,,,,,
168.151.128.0/20,SBL477407,arin,,,,,,
168.151.145.0/24,SBL477412,arin,,,,,,
168.151.146.0/23,SBL477413,arin,,,,,,
168.151.148.0/22,SBL477410,arin,,,,,,
168.151.152.0/22,SBL477411,arin,,,,,,
168.151.157.0/24,SBL477416,arin,,,,,,
168.151.158.0/23,SBL477415,arin,,,,,,
168.151.160.0/20,SBL477417,arin,,,,,,
168.151.176.0/21,SBL477418,arin,,,,,,
168.151.184.0/22,SBL477414,arin,,,,,,
168.151.192.0/20,SBL477388,arin,,,,,,
168.151.208.0/21,SBL477389,arin,,,,,,
168.151.216.0/22,SBL477390,arin,,,,,,
168.151.220.0/23,SBL477391,arin,,,,,,
168.151.224.0/22,SBL536565,arin,,,,,,
168.151.228.0/23,SBL536566,arin,,,,,,
168.151.232.0/21,SBL477392,arin,,,,,,
168.151.240.0/21,SBL477395,arin,,,,,,
168.151.248.0/22,SBL477393,arin,,,,,,
168.151.252.0/23,SBL536575,arin,,,,,,
168.151.254.0/24,SBL477394,arin,,,,,,
168.181.52.0/22,SBL291135,lacnic,,,,,,
168.195.76.0/22,SBL379851,lacnic,,,,,,
168.196.236.0/22,SBL405273,lacnic,,,,,,
168.196.240.0/22,SBL424251,lacnic,,,,,,
168.198.0.0/16,SBL458174,apnic,,,,,,
168.206.0.0/16,SBL458172,afrinic,,,,,,
168.227.140.0/22,SBL396809,lacnic,,,,,,
169.129.0.0/16,SBL530031,afrinic,,,,,,
169.136.224.0/19,SBL530361,arin,,,,,,
169.239.152.0/22,SBL463216,afrinic,,,,,,
169.245.0.0/16,SBL533789,arin,,,,,,
169.246.0.0/15,SBL533788,arin,,,,,,
169.248.0.0/14,SBL533787,arin,,,,,,
170.67.0.0/16,SBL8148,arin,,,,,,
170.83.232.0/22,SBL396810,lacnic,,,,,,
170.113.0.0/16,SBL102573,arin,,,,,,
170.130.43.0/24,SBL690003,arin,,,,,,
170.179.0.0/16,SBL221379,apnic,,,,,,
170.244.240.0/22,SBL424249,lacnic,,,,,,
170.247.220.0/22,SBL379853,lacnic,,,,,,
171.26.0.0/16,SBL268364,ripencc,,,,,,
172.94.9.0/24,SBL692903,arin,,,,,,
172.94.96.0/24,SBL687574,arin,,,,,,
172.94.99.0/24,SBL687575,arin,,,,,,
172.111.128.0/17,SBL688605,arin,,,,,,
172.247.38.0/24,SBL608973,arin,,,,,,
173.44.0.0/19,SBL682084,arin,,,,,,
175.103.64.0/18,SBL221380,apnic,,,,,,
176.46.138.0/24,SBL686256,ripencc,,,,,,
176.46.141.0/24,SBL688231,ripencc,,,,,,
176.65.132.0/24,SBL686258,ripencc,,,,,,
176.65.134.0/24,SBL689704,ripencc,,,,,,
176.65.138.0/24,SBL675607,ripencc,,,,,,
176.65.139.0/24,SBL692426,ripencc,,,,,,
176.65.148.0/22,SBL679272,ripencc,,,,,,
176.65.149.0/24,SBL676058,ripencc,,,,,,
176.98.187.0/24,SBL689997,ripencc,,,,,,
176.113.115.0/24,SBL618086,ripencc,,,,,,
176.114.71.0/24,SBL689657,ripencc,,,,,,
176.117.107.0/24,SBL682623,ripencc,,,,,,
176.120.22.0/24,SBL692137,ripencc,,,,,,
176.126.192.0/23,SBL493684,ripencc,,,,,,
176.126.194.0/24,SBL493685,ripencc,,,,,,
176.223.116.0/23,SBL493686,ripencc,,,,,,
176.223.118.0/24,SBL493687,ripencc,,,,,,
177.234.136.0/21,SBL291134,lacnic,,,,,,
178.16.52.0/22,SBL683901,ripencc,,,,,,
178.22.24.0/24,SBL683021,ripencc,,,,,,
178.72.138.0/24,SBL689653,ripencc,,,,,,
179.43.175.0/24,SBL628730,lacnic,,,,,,
180.178.192.0/18,SBL240529,apnic,,,,,,
180.235.124.0/22,SBL304782,apnic,,,,,,
181.177.64.0/18,SBL214239,lacnic,,,,,,
181.232.172.0/23,SBL691431,lacnic,,,,,,
185.7.214.0/24,SBL638393,ripencc,,,,,,
185.7.215.0/24,SBL618817,ripencc,,,,,,
185.11.61.0/24,SBL690074,ripencc,,,,,,
185.14.192.0/24,SBL394686,ripencc,,,,,,
185.30.168.0/22,SBL448551,ripencc,,,,,,
185.36.80.0/24,SBL619176,ripencc,,,,,,
185.36.81.0/24,SBL641912,ripencc,,,,,,
185.36.82.0/23,SBL619177,ripencc,,,,,,
185.37.195.0/24,SBL682242,ripencc,,,,,,
185.42.164.0/24,SBL679454,ripencc,,,,,,
185.42.165.0/24,SBL682555,ripencc,,,,,,
185.46.84.0/22,SBL524131,ripencc,,,,,,
185.56.83.0/24,SBL594400,ripencc,,,,,,
185.64.23.0/24,SBL492825,ripencc,,,,,,
185.68.152.0/22,SBL687109,ripencc,,,,,,
185.77.248.0/24,SBL476631,ripencc,,,,,,
185.81.68.0/24,SBL690075,ripencc,,,,,,
185.93.89.0/24,SBL678921,ripencc,,,,,,
185.110.0.0/22,SBL461185,ripencc,,,,,,
185.116.172.0/23,SBL310726,ripencc,,,,,,
185.116.175.0/24,SBL310727,ripencc,,,,,,
185.120.8.0/22,SBL493891,ripencc,,,,,,
185.122.128.0/22,SBL310728,ripencc,,,,,,
185.127.44.0/22,SBL461184,ripencc,,,,,,
185.127.56.0/22,SBL310729,ripencc,,,,,,
185.127.68.0/22,SBL300243,ripencc,,,,,,
185.127.76.0/22,SBL300242,ripencc,,,,,,
185.129.8.0/22,SBL310730,ripencc,,,,,,
185.129.208.0/22,SBL448437,ripencc,,,,,,
185.130.36.0/22,SBL310731,ripencc,,,,,,
185.132.8.0/22,SBL461193,ripencc,,,,,,
185.132.53.0/24,SBL692133,ripencc,,,,,,
185.134.48.0/22,SBL300238,ripencc,,,,,,
185.137.98.0/24,SBL627582,ripencc,,,,,,
185.144.180.0/22,SBL463001,ripencc,,,,,,
185.148.242.0/23,SBL688519,ripencc,,,,,,
185.156.73.0/24,SBL686330,ripencc,,,,,,
185.161.148.0/22,SBL463010,ripencc,,,,,,
185.169.4.0/24,SBL642216,ripencc,,,,,,
185.189.73.0/24,SBL618811,ripencc,,,,,,
185.192.36.0/22,SBL412029,ripencc,,,,,,
185.196.8.0/23,SBL640354,ripencc,,,,,,
185.196.8.0/22,SBL640645,ripencc,,,,,,
185.196.10.0/24,SBL640464,ripencc,,,,,,
185.208.156.0/22,SBL640646,ripencc,,,,,,
185.212.240.0/22,SBL635928,ripencc,,,,,,
185.215.132.0/22,SBL448554,ripencc,,,,,,
185.215.247.0/24,SBL680980,ripencc,,,,,,
185.230.14.0/24,SBL681783,ripencc,,,,,,
185.232.45.0/24,SBL618810,ripencc,,,,,,
185.237.104.0/24,SBL675590,ripencc,,,,,,
185.238.176.0/22,SBL463012,ripencc,,,,,,
185.239.44.0/22,SBL641968,ripencc,,,,,,
185.241.208.0/24,SBL683002,ripencc,,,,,,
185.242.3.0/24,SBL692424,ripencc,,,,,,
185.242.246.0/24,SBL678259,ripencc,,,,,,
185.243.40.0/24,SBL690840,ripencc,,,,,,
185.243.41.0/24,SBL690841,ripencc,,,,,,
185.243.42.0/24,SBL690842,ripencc,,,,,,
185.244.249.0/24,SBL619773,ripencc,,,,,,
185.255.192.0/22,SBL424022,ripencc,,,,,,
186.65.112.0/20,SBL264087,lacnic,,,,,,
186.179.0.0/18,SBL264520,lacnic,,,,,,
187.19.64.0/20,SBL544023,lacnic,,,,,,
187.60.0.0/20,SBL544019,lacnic,,,,,,
188.172.160.0/20,SBL308891,ripencc,,,,,,
188.190.10.0/24,SBL657026,ripencc,,,,,,
188.208.48.0/22,SBL461202,ripencc,,,,,,
188.208.52.0/22,SBL493690,ripencc,,,,,,
188.208.109.0/24,SBL461210,ripencc,,,,,,
188.213.23.0/24,SBL493895,ripencc,,,,,,
188.213.206.0/23,SBL493695,ripencc,,,,,,
188.213.214.0/23,SBL493696,ripencc,,,,,,
188.213.248.0/22,SBL461203,ripencc,,,,,,
188.213.252.0/22,SBL461204,ripencc,,,,,,
188.214.94.0/24,SBL461205,ripencc,,,,,,
188.214.140.0/24,SBL493896,ripencc,,,,,,
188.214.155.0/24,SBL493897,ripencc,,,,,,
188.214.193.0/24,SBL493898,ripencc,,,,,,
188.215.73.0/24,SBL692103,ripencc,,,,,,
188.240.14.0/24,SBL688281,ripencc,,,,,,
188.241.177.0/24,SBL655144,ripencc,,,,,,
188.247.230.0/24,SBL122292,ripencc,,,,,,
190.168.128.0/18,SBL543827,lacnic,,,,,,
190.168.192.0/18,SBL544039,lacnic,,,,,,
190.185.108.0/22,SBL424254,lacnic,,,,,,
191.101.31.0/24,SBL692717,ripencc,,,,,,
192.5.103.0/24,SBL212979,arin,,,,,,
192.35.52.0/23,SBL636031,arin,,,,,,
192.35.54.0/24,SBL636032,arin,,,,,,
192.40.29.0/24,SBL210095,arin,,,,,,
192.54.110.0/24,SBL221778,arin,,,,,,
192.80.44.0/24,SBL676712,arin,,,,,,
192.88.104.0/24,SBL649953,arin,,,,,,
192.88.117.0/24,SBL649971,arin,,,,,,
192.88.118.0/24,SBL648563,ripencc,,,,,,
192.88.120.0/24,SBL649955,arin,,,,,,
192.88.122.0/24,SBL649956,arin,,,,,,
192.88.128.0/24,SBL648564,ripencc,,,,,,
192.88.129.0/24,SBL649957,arin,,,,,,
192.88.130.0/24,SBL649958,ripencc,,,,,,
192.88.131.0/24,SBL649959,arin,,,,,,
192.88.133.0/24,SBL649960,ripencc,,,,,,
192.94.211.0/24,SBL682308,arin,,,,,,
192.94.240.0/24,SBL675008,afrinic,,,,,,
192.96.87.0/24,SBL650001,afrinic,,,,,,
192.96.146.0/24,SBL461490,afrinic,,,,,,
192.100.88.0/24,SBL96642,arin,,,,,,
192.101.44.0/24,SBL210168,arin,,,,,,
192.101.181.0/24,SBL210187,arin,,,,,,
192.101.187.0/24,SBL96646,arin,,,,,,
192.101.200.0/21,SBL97211,arin,,,,,,
192.101.208.0/20,SBL521793,arin,,,,,,
192.101.224.0/20,SBL521792,arin,,,,,,
192.101.240.0/21,SBL97209,arin,,,,,,
192.101.248.0/23,SBL97208,arin,,,,,,
192.109.138.0/24,SBL682631,ripencc,,,,,,
192.109.200.0/24,SBL692428,ripencc,,,,,,
192.111.228.0/24,SBL676713,arin,,,,,,
192.119.167.0/24,SBL683468,arin,,,,,,
192.119.173.0/24,SBL683469,arin,,,,,,
192.132.100.0/24,SBL613557,arin,,,,,,
192.133.3.0/24,SBL221771,arin,,,,,,
192.139.74.0/24,SBL676714,arin,,,,,,
192.147.254.0/24,SBL676715,arin,,,,,,
192.150.239.0/24,SBL676716,arin,,,,,,
192.152.194.0/24,SBL221768,arin,,,,,,
192.153.55.0/24,SBL676717,arin,,,,,,
192.154.11.0/24,SBL226063,arin,,,,,,
192.159.99.0/24,SBL682997,ripencc,,,,,,
192.160.44.0/24,SBL9493,arin,,,,,,
192.189.16.0/24,SBL676718,arin,,,,,,
192.190.97.0/24,SBL223556,arin,,,,,,
192.195.150.0/24,SBL223555,arin,,,,,,
192.195.187.0/24,SBL676719,arin,,,,,,
192.203.188.0/24,SBL676720,arin,,,,,,
192.203.252.0/24,SBL223554,arin,,,,,,
192.206.114.0/24,SBL226064,arin,,,,,,
192.226.16.0/20,SBL245072,arin,,,,,,
192.229.32.0/19,SBL106075,arin,,,,,,
192.231.66.0/24,SBL221765,arin,,,,,,
192.231.100.0/24,SBL521574,arin,,,,,,
192.234.156.0/24,SBL521493,arin,,,,,,
192.234.189.0/24,SBL221779,arin,,,,,,
192.245.101.0/24,SBL210097,arin,,,,,,
192.245.188.0/24,SBL521494,arin,,,,,,
192.245.248.0/24,SBL521777,arin,,,,,,
192.251.231.0/24,SBL419281,arin,,,,,,
192.252.16.0/20,SBL502925,arin,,,,,,
192.252.176.0/20,SBL655316,arin,,,,,,
192.253.224.0/20,SBL239266,arin,,,,,,
192.253.248.0/24,SBL692904,arin,,,,,,
193.3.164.0/24,SBL618824,ripencc,,,,,,
193.3.191.0/24,SBL690843,ripencc,,,,,,
193.24.123.0/24,SBL676666,ripencc,,,,,,
193.26.115.0/24,SBL687501,ripencc,,,,,,
193.30.144.0/20,SBL618910,ripencc,,,,,,
193.32.66.0/23,SBL493700,ripencc,,,,,,
193.32.162.0/24,SBL636059,ripencc,,,,,,
193.46.255.0/24,SBL682862,ripencc,,,,,,
193.139.0.0/16,SBL268277,ripencc,,,,,,
193.142.146.0/23,SBL648581,ripencc,,,,,,
193.143.1.0/24,SBL634458,ripencc,,,,,,
193.151.160.0/22,SBL494028,ripencc,,,,,,
193.203.10.0/23,SBL687163,ripencc,,,,,,
193.233.200.0/24,SBL619587,ripencc,,,,,,
193.233.255.0/24,SBL625301,ripencc,,,,,,
193.239.154.0/23,SBL520298,ripencc,,,,,,
193.242.153.0/24,SBL689988,ripencc,,,,,,
193.243.0.0/17,SBL241018,ripencc,,,,,,
193.254.48.0/22,SBL493701,ripencc,,,,,,
194.0.234.0/24,SBL654211,ripencc,,,,,,
194.11.246.0/24,SBL671713,ripencc,,,,,,
194.26.29.0/24,SBL689989,ripencc,,,,,,
194.26.69.0/24,SBL689990,ripencc,,,,,,
194.26.192.0/24,SBL687515,ripencc,,,,,,
194.38.20.0/22,SBL691383,ripencc,,,,,,
194.38.21.0/24,SBL690096,ripencc,,,,,,
194.38.22.0/24,SBL691355,ripencc,,,,,,
194.41.60.0/23,SBL493702,ripencc,,,,,,
194.62.244.0/22,SBL682240,ripencc,,,,,,
194.85.250.0/24,SBL689982,ripencc,,,,,,
194.113.235.0/24,SBL687645,ripencc,,,,,,
194.145.227.0/24,SBL668825,ripencc,,,,,,
194.180.64.0/20,SBL679673,ripencc,,,,,,
195.22.149.0/24,SBL552932,ripencc,,,,,,
195.24.236.0/24,SBL691433,ripencc,,,,,,
195.24.237.0/24,SBL691434,ripencc,,,,,,
195.96.32.0/19,SBL679674,ripencc,,,,,,
195.133.16.0/24,SBL689981,ripencc,,,,,,
195.177.92.0/24,SBL672494,ripencc,,,,,,
195.178.110.0/24,SBL677468,ripencc,,,,,,
195.178.136.0/24,SBL690048,ripencc,,,,,,
195.178.148.0/23,SBL688920,ripencc,,,,,,
195.181.224.0/20,SBL594334,apnic,,,,,,
195.225.108.0/24,SBL687559,ripencc,,,,,,
195.225.110.0/24,SBL687558,ripencc,,,,,,
196.10.61.0/24,SBL530026,afrinic,,,,,,
196.10.62.0/23,SBL530030,afrinic,,,,,,
196.10.64.0/19,SBL458171,afrinic,,,,,,
196.15.64.0/18,SBL458198,afrinic,,,,,,
196.16.0.0/14,SBL364590,afrinic,,,,,,
196.49.11.0/24,SBL675329,afrinic,,,,,,
196.223.43.0/24,SBL675328,afrinic,,,,,,
196.251.66.0/23,SBL675237,afrinic,,,,,,
196.251.69.0/24,SBL675241,afrinic,,,,,,
196.251.70.0/23,SBL675242,afrinic,,,,,,
196.251.72.0/23,SBL675243,afrinic,,,,,,
196.251.80.0/23,SBL675244,afrinic,,,,,,
196.251.83.0/24,SBL675247,afrinic,,,,,,
196.251.84.0/24,SBL675248,afrinic,,,,,,
196.251.85.0/24,SBL675254,afrinic,,,,,,
196.251.86.0/23,SBL675255,afrinic,,,,,,
196.251.88.0/22,SBL675256,afrinic,,,,,,
196.251.92.0/22,SBL675251,afrinic,,,,,,
196.251.96.0/24,SBL675252,afrinic,,,,,,
196.251.98.0/23,SBL675253,afrinic,,,,,,
196.251.100.0/24,SBL689241,afrinic,,,,,,
196.251.102.0/24,SBL682609,afrinic,,,,,,
196.251.107.0/24,SBL689238,afrinic,,,,,,
196.251.112.0/22,SBL675238,afrinic,,,,,,
196.251.116.0/23,SBL675239,afrinic,,,,,,
196.251.118.0/24,SBL675240,afrinic,,,,,,
198.13.64.0/21,SBL679727,arin,,,,,,
198.13.72.0/23,SBL679728,arin,,,,,,
198.17.197.0/24,SBL676721,arin,,,,,,
198.20.16.0/20,SBL107773,arin,,,,,,
198.37.0.0/22,SBL624890,arin,,,,,,
198.45.32.0/20,SBL110170,arin,,,,,,
198.45.64.0/19,SBL177843,arin,,,,,,
198.51.77.0/24,SBL685478,arin,,,,,,
198.51.78.0/23,SBL685479,arin,,,,,,
198.51.80.0/23,SBL685480,arin,,,,,,
198.51.161.0/24,SBL688014,arin,,,,,,
198.54.232.0/24,SBL458233,afrinic,,,,,,
198.56.64.0/18,SBL178648,arin,,,,,,
198.57.64.0/20,SBL101250,arin,,,,,,
198.62.16.0/20,SBL641798,arin,,,,,,
198.62.70.0/24,SBL210101,arin,,,,,,
198.62.76.0/24,SBL210161,arin,,,,,,
198.96.224.0/20,SBL110171,arin,,,,,,
198.102.222.0/24,SBL221777,arin,,,,,,
198.133.120.0/24,SBL522183,arin,,,,,,
198.140.157.0/24,SBL676722,arin,,,,,,
198.148.212.0/24,SBL221776,arin,,,,,,
198.151.16.0/20,SBL244694,arin,,,,,,
198.151.138.0/24,SBL96863,arin,,,,,,
198.151.152.0/22,SBL23969,arin,,,,,,
198.160.205.0/24,SBL221774,arin,,,,,,
198.169.201.0/24,SBL212980,arin,,,,,,
198.177.175.0/24,SBL210085,arin,,,,,,
198.177.176.0/22,SBL210086,arin,,,,,,
198.177.180.0/24,SBL210087,arin,,,,,,
198.177.214.0/24,SBL212981,arin,,,,,,
198.177.216.0/24,SBL676723,arin,,,,,,
198.179.22.0/24,SBL217199,arin,,,,,,
198.180.189.0/24,SBL689235,arin,,,,,,
198.181.96.0/20,SBL281608,arin,,,,,,
198.183.32.0/19,SBL96708,arin,,,,,,
198.183.238.0/24,SBL689236,arin,,,,,,
198.184.193.0/24,SBL212982,arin,,,,,,
198.186.25.0/24,SBL23976,arin,,,,,,
198.187.16.0/21,SBL679090,arin,,,,,,
198.187.24.0/22,SBL679089,arin,,,,,,
198.187.192.0/24,SBL223552,arin,,,,,,
198.187.207.0/24,SBL676724,arin,,,,,,
198.187.208.0/23,SBL676725,arin,,,,,,
198.187.210.0/24,SBL676726,arin,,,,,,
198.190.173.0/24,SBL212764,arin,,,,,,
198.198.0.0/16,SBL679669,arin,,,,,,
198.199.212.0/24,SBL212983,arin,,,,,,
198.200.0.0/21,SBL462737,apnic,,,,,,
198.200.8.0/23,SBL462736,apnic,,,,,,
198.202.223.0/24,SBL689237,arin,,,,,,
198.202.237.0/24,SBL217198,arin,,,,,,
198.204.0.0/21,SBL8179,arin,,,,,,
198.206.140.0/24,SBL301221,arin,,,,,,
198.212.132.0/24,SBL223551,arin,,,,,,
198.235.160.0/20,SBL641799,arin,,,,,,
198.240.64.0/18,SBL264086,arin,,,,,,
198.241.64.0/18,SBL96706,arin,,,,,,
198.244.32.0/21,SBL676727,arin,,,,,,
198.244.40.0/22,SBL676728,arin,,,,,,
198.244.44.0/23,SBL676729,arin,,,,,,
198.244.46.0/24,SBL676730,arin,,,,,,
198.252.32.0/19,SBL187517,arin,,,,,,
198.252.174.0/24,SBL676731,arin,,,,,,
199.1.24.0/21,SBL679509,arin,,,,,,
199.1.254.0/24,SBL679704,arin,,,,,,
199.5.152.0/23,SBL96745,arin,,,,,,
199.5.194.0/24,SBL521558,arin,,,,,,
199.5.229.0/24,SBL221780,arin,,,,,,
199.26.137.0/24,SBL212765,arin,,,,,,
199.26.207.0/24,SBL221772,arin,,,,,,
199.26.251.0/24,SBL221782,arin,,,,,,
199.33.146.0/24,SBL521991,arin,,,,,,
199.33.222.0/24,SBL221781,arin,,,,,,
199.34.128.0/18,SBL96704,arin,,,,,,
199.38.0.0/21,SBL525955,arin,,,,,,
199.59.8.0/21,SBL618473,arin,,,,,,
199.71.192.0/20,SBL147763,arin,,,,,,
199.73.64.0/20,SBL502551,arin,,,,,,
199.84.16.0/20,SBL503515,arin,,,,,,
199.84.55.0/24,SBL210094,arin,,,,,,
199.84.56.0/22,SBL210092,arin,,,,,,
199.84.60.0/24,SBL210093,arin,,,,,,
199.84.64.0/19,SBL96702,arin,,,,,,
199.88.251.0/24,SBL520065,arin,,,,,,
199.89.16.0/20,SBL156916,arin,,,,,,
199.89.198.0/24,SBL212766,arin,,,,,,
199.103.64.0/22,SBL647171,arin,,,,,,
199.106.8.0/21,SBL642241,arin,,,,,,
199.107.96.0/22,SBL635119,arin,,,,,,
199.107.152.0/21,SBL672877,arin,,,,,,
199.108.212.0/22,SBL624891,arin,,,,,,
199.108.236.0/22,SBL624892,arin,,,,,,
199.120.160.0/24,SBL676732,arin,,,,,,
199.120.163.0/24,SBL6658,arin,,,,,,
199.164.242.0/24,SBL676735,arin,,,,,,
199.165.32.0/19,SBL97023,arin,,,,,,
199.165.237.0/24,SBL526140,arin,,,,,,
199.165.238.0/24,SBL526141,arin,,,,,,
199.166.200.0/22,SBL6026,arin,,,,,,
199.166.214.0/23,SBL521507,arin,,,,,,
199.170.128.0/22,SBL624893,arin,,,,,,
199.178.64.0/19,SBL623099,arin,,,,,,
199.178.144.0/20,SBL635120,arin,,,,,,
199.178.160.0/21,SBL642242,arin,,,,,,
199.178.168.0/23,SBL642243,arin,,,,,,
199.178.170.0/24,SBL646979,arin,,,,,,
199.184.0.0/21,SBL629517,arin,,,,,,
199.184.8.0/22,SBL629518,arin,,,,,,
199.184.12.0/23,SBL629519,arin,,,,,,
199.184.82.0/24,SBL210159,arin,,,,,,
199.184.223.0/24,SBL522828,arin,,,,,,
199.185.144.0/20,SBL503521,arin,,,,,,
199.186.26.0/23,SBL673042,arin,,,,,,
199.187.16.0/21,SBL578949,arin,,,,,,
199.187.24.0/22,SBL578950,arin,,,,,,
199.187.32.0/20,SBL668423,arin,,,,,,
199.187.48.0/21,SBL668424,arin,,,,,,
199.196.192.0/19,SBL106606,arin,,,,,,
199.198.160.0/20,SBL96701,arin,,,,,,
199.198.176.0/21,SBL109341,arin,,,,,,
199.198.184.0/23,SBL109342,arin,,,,,,
199.198.188.0/22,SBL109343,arin,,,,,,
199.201.238.0/24,SBL676736,arin,,,,,,
199.201.239.0/24,SBL676737,arin,,,,,,
199.223.0.0/20,SBL180441,arin,,,,,,
199.230.64.0/19,SBL97024,arin,,,,,,
199.231.8.0/21,SBL533523,arin,,,,,,
199.233.85.0/24,SBL212984,arin,,,,,,
199.233.96.0/24,SBL210099,arin,,,,,,
199.241.0.0/21,SBL521778,arin,,,,,,
199.245.138.0/24,SBL9923,arin,,,,,,
199.246.215.0/24,SBL103499,arin,,,,,,
199.249.64.0/19,SBL179270,arin,,,,,,
199.253.32.0/20,SBL245070,arin,,,,,,
199.253.48.0/21,SBL245071,arin,,,,,,
199.253.224.0/20,SBL180442,arin,,,,,,
199.254.32.0/20,SBL156983,arin,,,,,,
199.254.190.0/24,SBL676738,arin,,,,,,
200.0.60.0/23,SBL291133,lacnic,,,,,,
200.1.0.0/22,SBL689627,lacnic,,,,,,
200.1.4.0/23,SBL689628,lacnic,,,,,,
200.13.64.0/20,SBL544031,lacnic,,,,,,
200.13.192.0/19,SBL689939,lacnic,,,,,,
200.22.0.0/16,SBL84896,lacnic,,,,,,
200.23.137.0/24,SBL692906,lacnic,,,,,,
200.23.165.0/24,SBL691436,lacnic,,,,,,
200.33.170.0/24,SBL692907,lacnic,,,,,,
200.33.187.0/24,SBL693108,lacnic,,,,,,
200.34.30.0/23,SBL692908,lacnic,,,,,,
200.34.135.0/24,SBL692909,lacnic,,,,,,
200.34.156.0/24,SBL692910,lacnic,,,,,,
200.71.124.0/22,SBL237882,lacnic,,,,,,
200.189.44.0/22,SBL291132,lacnic,,,,,,
201.148.168.0/22,SBL247631,ripencc,,,,,,
201.150.28.0/22,SBL679668,lacnic,,,,,,
202.12.101.0/24,SBL642244,apnic,,,,,,
202.27.100.0/22,SBL271129,apnic,,,,,,
202.40.32.0/19,SBL222855,apnic,,,,,,
202.40.64.0/18,SBL221383,apnic,,,,,,
202.46.96.0/20,SBL655235,apnic,,,,,,
202.52.38.0/24,SBL213943,apnic,,,,,,
202.59.234.0/23,SBL213944,apnic,,,,,,
202.61.141.0/24,SBL648580,apnic,,,,,,
202.61.144.0/20,SBL664842,apnic,,,,,,
202.79.173.0/24,SBL613433,apnic,,,,,,
202.95.7.0/24,SBL677364,apnic,,,,,,
202.95.8.0/21,SBL664724,apnic,,,,,,
202.122.64.0/19,SBL677425,apnic,,,,,,
202.131.208.0/20,SBL641025,apnic,,,,,,
202.148.32.0/20,SBL264045,apnic,,,,,,
202.152.192.0/20,SBL641026,apnic,,,,,,
202.159.80.0/20,SBL643375,apnic,,,,,,
202.168.80.0/22,SBL689689,apnic,,,,,,
202.183.0.0/19,SBL221385,apnic,,,,,,
202.189.80.0/20,SBL270956,apnic,,,,,,
203.9.0.0/19,SBL221390,apnic,,,,,,
203.91.73.0/24,SBL654190,apnic,,,,,,
203.132.96.0/19,SBL682232,apnic,,,,,,
203.159.90.0/24,SBL687516,ripencc,,,,,,
203.171.224.0/20,SBL675010,apnic,,,,,,
203.191.64.0/18,SBL258585,apnic,,,,,,
203.195.0.0/18,SBL410856,apnic,,,,,,
203.202.232.0/24,SBL687816,ripencc,,,,,,
204.14.80.0/22,SBL492818,arin,,,,,,
204.19.38.0/23,SBL210079,arin,,,,,,
204.27.155.0/24,SBL521496,arin,,,,,,
204.29.212.0/24,SBL676739,arin,,,,,,
204.44.32.0/20,SBL104258,arin,,,,,,
204.44.208.0/20,SBL503530,arin,,,,,,
204.44.224.0/20,SBL110044,arin,,,,,,
204.52.184.0/24,SBL521497,arin,,,,,,
204.52.255.0/24,SBL13483,arin,,,,,,
204.58.188.0/22,SBL622861,arin,,,,,,
204.61.96.0/19,SBL532255,arin,,,,,,
204.62.177.0/24,SBL521498,arin,,,,,,
204.63.64.0/18,SBL533524,arin,,,,,,
204.74.32.0/19,SBL532252,arin,,,,,,
204.75.147.0/24,SBL223550,arin,,,,,,
204.75.228.0/24,SBL210096,arin,,,,,,
204.76.203.0/24,SBL673234,arin,,,,,,
204.80.164.0/24,SBL521780,arin,,,,,,
204.80.180.0/24,SBL521781,arin,,,,,,
204.80.198.0/24,SBL217200,arin,,,,,,
204.86.16.0/20,SBL181088,arin,,,,,,
204.87.199.0/24,SBL210160,arin,,,,,,
204.87.234.0/24,SBL521856,arin,,,,,,
204.88.160.0/20,SBL530315,arin,,,,,,
204.89.202.0/24,SBL613528,arin,,,,,,
204.89.224.0/24,SBL11667,arin,,,,,,
204.91.96.0/20,SBL623100,arin,,,,,,
204.106.128.0/18,SBL105808,arin,,,,,,
204.106.192.0/19,SBL106078,arin,,,,,,
204.107.132.0/24,SBL521499,arin,,,,,,
204.107.208.0/24,SBL96699,arin,,,,,,
204.110.8.0/21,SBL672878,apnic,,,,,,
204.110.144.0/20,SBL530313,arin,,,,,,
204.115.128.0/21,SBL521782,arin,,,,,,
204.117.88.0/21,SBL679706,arin,,,,,,
204.126.32.0/20,SBL530310,arin,,,,,,
204.126.48.0/21,SBL532262,arin,,,,,,
204.126.56.0/22,SBL532260,arin,,,,,,
204.126.60.0/23,SBL532261,arin,,,,,,
204.126.244.0/23,SBL96747,arin,,,,,,
204.128.32.0/20,SBL503533,arin,,,,,,
204.128.151.0/24,SBL212985,arin,,,,,,
204.128.180.0/24,SBL210100,arin,,,,,,
204.130.16.0/20,SBL301223,arin,,,,,,
204.130.195.0/24,SBL521501,arin,,,,,,
204.140.104.0/21,SBL624894,arin,,,,,,
204.140.112.0/21,SBL624895,arin,,,,,,
204.140.120.0/22,SBL624896,arin,,,,,,
204.146.240.0/20,SBL623101,arin,,,,,,
204.147.64.0/21,SBL287254,arin,,,,,,
204.147.96.0/20,SBL503525,arin,,,,,,
204.147.240.0/20,SBL502924,arin,,,,,,
204.155.80.0/21,SBL629586,arin,,,,,,
204.155.88.0/22,SBL629587,arin,,,,,,
204.155.92.0/23,SBL629588,arin,,,,,,
204.155.94.0/24,SBL629589,arin,,,,,,
204.175.0.0/16,SBL691576,arin,,,,,,
204.178.16.0/20,SBL623892,arin,,,,,,
204.179.64.0/20,SBL635121,arin,,,,,,
204.179.232.0/21,SBL624897,arin,,,,,,
204.187.192.0/19,SBL641809,arin,,,,,,
204.187.224.0/20,SBL641810,arin,,,,,,
204.187.240.0/21,SBL641811,arin,,,,,,
204.194.16.0/22,SBL668425,arin,,,,,,
204.194.40.0/21,SBL668426,arin,,,,,,
204.194.48.0/21,SBL692952,arin,,,,,,
204.194.64.0/21,SBL249621,arin,,,,,,
204.225.153.0/24,SBL676741,arin,,,,,,
204.225.226.0/23,SBL676742,arin,,,,,,
204.227.32.0/19,SBL534264,arin,,,,,,
204.232.0.0/18,SBL103685,arin,,,,,,
204.235.16.0/20,SBL530321,arin,,,,,,
204.235.240.0/24,SBL678355,arin,,,,,,
204.235.242.0/24,SBL678356,arin,,,,,,
204.235.252.0/24,SBL678357,arin,,,,,,
204.236.0.0/19,SBL635122,arin,,,,,,
204.238.40.0/24,SBL521519,arin,,,,,,
204.238.137.0/24,SBL223547,arin,,,,,,
204.238.170.0/24,SBL217201,arin,,,,,,
204.238.183.0/24,SBL221024,arin,,,,,,
204.239.132.0/23,SBL622862,arin,,,,,,
204.239.134.0/23,SBL622869,arin,,,,,,
204.239.200.0/23,SBL622863,arin,,,,,,
204.255.32.0/19,SBL529492,arin,,,,,,
205.137.0.0/20,SBL116418,arin,,,,,,
205.142.104.0/22,SBL98307,arin,,,,,,
205.144.0.0/20,SBL96698,arin,,,,,,
205.148.128.0/18,SBL277040,arin,,,,,,
205.151.128.0/19,SBL180437,arin,,,,,,
205.151.216.0/24,SBL521481,arin,,,,,,
205.158.176.0/20,SBL624898,arin,,,,,,
205.159.26.0/24,SBL676743,arin,,,,,,
205.159.174.0/24,SBL221762,arin,,,,,,
205.159.201.0/24,SBL521489,arin,,,,,,
205.159.241.0/24,SBL521490,arin,,,,,,
205.166.77.0/24,SBL219931,arin,,,,,,
205.166.84.0/24,SBL210098,arin,,,,,,
205.166.87.0/24,SBL522824,arin,,,,,,
205.166.130.0/24,SBL221342,arin,,,,,,
205.166.154.0/24,SBL676744,arin,,,,,,
205.166.168.0/24,SBL223549,arin,,,,,,
205.166.183.0/24,SBL521492,arin,,,,,,
205.166.211.0/24,SBL221761,arin,,,,,,
205.172.244.0/22,SBL96743,arin,,,,,,
205.175.160.0/19,SBL104260,arin,,,,,,
205.189.71.0/24,SBL105802,arin,,,,,,
205.189.72.0/23,SBL105804,arin,,,,,,
205.189.207.0/24,SBL521478,arin,,,,,,
205.196.28.0/22,SBL96838,arin,,,,,,
205.196.48.0/23,SBL96840,arin,,,,,,
205.196.60.0/23,SBL96844,arin,,,,,,
205.196.62.0/24,SBL96845,arin,,,,,,
205.196.71.0/24,SBL96848,arin,,,,,,
205.196.72.0/22,SBL96849,arin,,,,,,
205.196.76.0/24,SBL96850,arin,,,,,,
205.196.96.0/23,SBL96851,arin,,,,,,
205.196.99.0/24,SBL96852,arin,,,,,,
205.196.100.0/22,SBL96853,arin,,,,,,
205.196.104.0/21,SBL96854,arin,,,,,,
205.196.112.0/22,SBL96855,arin,,,,,,
205.203.0.0/19,SBL104616,arin,,,,,,
205.203.224.0/19,SBL104251,arin,,,,,,
205.207.134.0/24,SBL210088,arin,,,,,,
205.210.29.0/24,SBL521480,arin,,,,,,
205.210.107.0/24,SBL210089,arin,,,,,,
205.210.139.0/24,SBL212767,arin,,,,,,
205.210.171.0/24,SBL243632,arin,,,,,,
205.210.172.0/22,SBL243633,arin,,,,,,
205.210.249.0/24,SBL521482,arin,,,,,,
205.211.172.0/24,SBL521483,arin,,,,,,
205.211.179.0/24,SBL521484,arin,,,,,,
205.214.96.0/19,SBL104252,arin,,,,,,
205.214.128.0/19,SBL104253,arin,,,,,,
205.215.236.0/22,SBL634281,arin,,,,,,
205.233.156.0/24,SBL521486,arin,,,,,,
205.233.220.0/24,SBL521487,arin,,,,,,
205.233.224.0/20,SBL156985,arin,,,,,,
205.236.18.0/24,SBL521488,arin,,,,,,
205.236.185.0/24,SBL210091,arin,,,,,,
205.236.189.0/24,SBL9442,arin,,,,,,
205.237.8.0/24,SBL625051,arin,,,,,,
205.237.10.0/23,SBL625052,arin,,,,,,
205.237.12.0/22,SBL625053,arin,,,,,,
205.237.16.0/22,SBL624902,arin,,,,,,
206.41.128.0/20,SBL502936,arin,,,,,,
206.41.160.0/19,SBL209495,arin,,,,,,
206.51.29.0/24,SBL210090,arin,,,,,,
206.121.28.0/22,SBL673043,arin,,,,,,
206.121.32.0/23,SBL673044,arin,,,,,,
206.123.145.0/24,SBL679708,arin,,,,,,
206.123.156.0/24,SBL692905,arin,,,,,,
206.125.16.0/20,SBL503526,arin,,,,,,
206.130.188.0/24,SBL212986,arin,,,,,,
206.136.208.0/20,SBL623102,arin,,,,,,
206.143.128.0/17,SBL226353,arin,,,,,,
206.170.48.0/21,SBL624903,arin,,,,,,
206.170.56.0/22,SBL624904,arin,,,,,,
206.183.160.0/21,SBL613559,arin,,,,,,
206.195.224.0/19,SBL180439,arin,,,,,,
206.197.77.0/24,SBL221760,arin,,,,,,
206.197.166.0/24,SBL676746,arin,,,,,,
206.209.48.0/20,SBL504465,arin,,,,,,
206.209.80.0/20,SBL156986,arin,,,,,,
206.209.192.0/20,SBL530334,arin,,,,,,
206.221.0.0/20,SBL530332,arin,,,,,,
206.221.96.0/20,SBL530331,arin,,,,,,
206.221.192.0/20,SBL530328,arin,,,,,,
206.223.33.0/24,SBL521783,arin,,,,,,
206.224.160.0/19,SBL96697,arin,,,,,,
206.226.0.0/19,SBL177387,arin,,,,,,
206.226.32.0/19,SBL177459,arin,,,,,,
206.251.56.0/22,SBL689940,arin,,,,,,
207.22.192.0/18,SBL107317,arin,,,,,,
207.45.56.0/21,SBL96864,arin,,,,,,
207.45.224.0/20,SBL89255,arin,,,,,,
207.70.192.0/19,SBL641800,arin,,,,,,
207.105.108.0/22,SBL624906,arin,,,,,,
207.110.64.0/18,SBL177484,arin,,,,,,
207.110.96.0/19,SBL177485,arin,,,,,,
207.183.64.0/19,SBL502907,arin,,,,,,
207.183.96.0/20,SBL387691,arin,,,,,,
207.183.192.0/19,SBL104254,arin,,,,,,
207.228.200.0/22,SBL678358,arin,,,,,,
207.244.0.0/18,SBL502898,arin,,,,,,
207.252.136.0/21,SBL642247,arin,,,,,,
208.75.88.0/22,SBL294938,arin,,,,,,
208.90.32.0/21,SBL294939,arin,,,,,,
208.98.64.0/18,SBL642249,arin,,,,,,
208.187.240.0/22,SBL642250,arin,,,,,,
208.205.128.0/22,SBL529502,arin,,,,,,
208.217.32.0/20,SBL623103,arin,,,,,,
209.17.192.0/19,SBL502942,arin,,,,,,
209.50.160.0/19,SBL692221,ripencc,,,,,,
209.63.8.0/21,SBL642252,arin,,,,,,
209.66.0.0/18,SBL502941,arin,,,,,,
209.66.128.0/19,SBL180438,arin,,,,,,
209.79.220.0/22,SBL624912,arin,,,,,,
209.95.64.0/19,SBL502940,arin,,,,,,
209.95.192.0/19,SBL107139,arin,,,,,,
209.120.205.0/24,SBL630035,arin,,,,,,
209.148.16.0/20,SBL502902,arin,,,,,,
209.159.128.0/20,SBL294940,arin,,,,,,
209.161.64.0/19,SBL502939,arin,,,,,,
209.182.64.0/19,SBL104261,arin,,,,,,
209.182.100.0/22,SBL689980,arin,,,,,,
209.186.20.0/22,SBL623895,arin,,,,,,
209.186.24.0/21,SBL623894,arin,,,,,,
209.186.224.0/21,SBL623903,arin,,,,,,
209.186.232.0/22,SBL623904,arin,,,,,,
209.186.236.0/24,SBL623905,arin,,,,,,
209.233.156.0/22,SBL645263,arin,,,,,,
210.56.48.0/21,SBL669376,apnic,,,,,,
210.57.128.0/18,SBL233459,apnic,,,,,,
211.102.0.0/17,SBL677403,apnic,,,,,,
212.11.64.0/24,SBL678087,ripencc,,,,,,
212.224.93.0/24,SBL630769,ripencc,,,,,,
212.237.152.0/21,SBL594332,apnic,,,,,,
213.177.179.0/24,SBL691432,ripencc,,,,,,
213.190.14.0/24,SBL689629,ripencc,,,,,,
213.209.159.0/24,SBL691429,ripencc,,,,,,
216.7.96.0/20,SBL682309,arin,,,,,,
216.9.224.0/22,SBL677075,arin,,,,,,
216.26.224.0/19,SBL692222,ripencc,,,,,,
216.63.240.0/22,SBL624913,arin,,,,,,
216.93.96.0/19,SBL641801,arin,,,,,,
216.137.144.0/20,SBL530314,arin,,,,,,
216.179.128.0/17,SBL103083,arin,,,,,,
216.240.96.0/20,SBL546730,arin,,,,,,
216.250.16.0/20,SBL530358,arin,,,,,,
217.119.139.0/24,SBL683020,ripencc,,,,,,
218.99.0.0/16,SBL675600,apnic,,,,,,
221.128.128.0/17,SBL677746,apnic,,,,,,
223.26.48.0/20,SBL656504,apnic,,,,,,
223.29.226.0/24,SBL683017,apnic,,,,,,
223.155.16.0/24,SBL656595,apnic,,,,,,
223.169.0.0/16,SBL208009,apnic,,,,,,
223.173.0.0/16,SBL204954,apnic,,,,,,
223.254.0.0/16,SBL212803,apnic,,,,,,
,,,metadata,1771422242,90029,1474,(c) 2026 The Spamhaus Project SLU,https://www.spamhaus.org/drop/terms/
